﻿{"cameraMode":{"drawMode":0,"name":"Shaded","section":"Shading Mode"},"sceneLighting":true,"audioPlay":false,"sceneViewState":{"showFog":true,"showMaterialUpdate":false,"showSkybox":true,"showFlares":true,"showImageEffects":true,"showParticleSystems":true},"in2DMode":false,"pivot":{"x":-49.76293182373047,"y":88.1505355834961,"z":-30.855283737182618},"rotation":{"x":0.26000019907951357,"y":0.3674768805503845,"z":-0.10778457671403885,"w":0.8864249587059021},"size":3.9548685550689699,"orthographic":false}