﻿{"cameraMode":{"drawMode":0,"name":"Shaded","section":"Shading Mode"},"sceneLighting":false,"audioPlay":false,"sceneViewState":{"showFog":true,"showMaterialUpdate":true,"showSkybox":true,"showFlares":true,"showImageEffects":true,"showParticleSystems":true},"in2DMode":false,"pivot":{"x":-6.539659023284912,"y":-3.7381744384765627,"z":15.582898139953614},"rotation":{"x":-0.004968270193785429,"y":0.9950815439224243,"z":-0.06876729428768158,"w":-0.07147286832332611},"size":215.5236053466797,"orthographic":true}